{"R": 125.21832893600464, "G": 116.11170959854125, "B": 106.32541470413209}